{
  "$schema": "./node_modules/@angular/service-worker/config/schema.json",
  "index": "/index.html",
  "assetGroups": [
    {
      "name": "app",
      "installMode": "prefetch",
      "resources": {
        "files": [
          "/favicon.ico",
          "/index.html",
          "/manifest.webmanifest",
          "/*.css",
          "/*.js"
        ]
      }
    },
    {
      "name": "assets",
      "installMode": "lazy",
      "updateMode": "prefetch",
      "resources": {
        "files": [
          "/assets/**",
          "/*.(svg|cur|jpg|jpeg|png|apng|webp|avif|gif|otf|ttf|woff|woff2)"
        ],
        "urls": [
          "https://fonts.googleapis.com/**",
          "https://fonts.gstatic.com/**"
        ]
      }
    }
  ],
  "dataGroups": [
    {
      "name": "cyberchami api",
      "urls": [
        "http://localhost:8080/api/**",
        "http://192.168.1.10:8080/api/**",
        "https://grecha-b8fd9.web.app/api/**"
      ],
      "cacheConfig": {
        "strategy": "freshness",
        "maxSize": 20,
        "maxAge": "24h",
        "timeout": "5s"
      }
    }
  ]
}
